616.4616, target plane transform 0.127294 0.8231522 0.3474538 0.3826834 0 0 0.9238796
616.4616, grid mapping [0 0 0 -0.125  0.125 0.002293974 0.8938629 0.4535198] [3 1 0 -0.125  0 0.002293974 0.8054746 0.3651315] [6 2 0 -0.125  -0.125 0.002293974 0.7170862 0.2767431] [1 0 1 0  0.125 0.127294 0.8938629 0.4535198] [4 1 1 0  0 0.127294 0.8054746 0.3651315] [7 2 1 0  -0.125 0.127294 0.7170862 0.2767431] [2 0 2 0.125  0.125 0.252294 0.8938629 0.4535198] [5 1 2 0.125  0 0.252294 0.8054746 0.3651315] [8 2 2 0.125  -0.125 0.252294 0.7170862 0.2767431]
620.4819, target_spawn, target ID 0, grid ID 7
620.5515, target_spawn, target ID 1, grid ID 1
620.9429, target_hit, target ID 0, grid ID 7, velocity -0.3280186 -1.962603 0.2452373
621.0255, target_spawn, target ID 2, grid ID 6
621.2143, target_contact, target ID 1, grid ID 1, velocity -0.148258 -0.5846129 0.9722275
621.3178, target_spawn, target ID 3, grid ID 4
621.4714, target_hit, target ID 2, grid ID 6, velocity -0.2496265 -1.538686 -0.1102582
621.6429, target_miss, target ID 1, grid ID 1
621.7429, target_contact, target ID 3, grid ID 4, velocity 0.4615769 -0.6628517 0.96038
621.791, target_spawn, target ID 4, grid ID 7
621.8286, target_contact, target ID 3, grid ID 4, velocity 0.3669691 0.5684357 -0.02072441
621.9583, target_spawn, target ID 5, grid ID 0
622.2857, target_hit, target ID 4, grid ID 7, velocity 0.01190161 -1.164708 -0.4275026
622.4143, target_miss, target ID 3, grid ID 4
622.6125, target_spawn, target ID 6, grid ID 5
622.6143, target_hit, target ID 5, grid ID 0, velocity -0.1659391 -0.9418766 1.094887
622.9857, target_contact, target ID 6, grid ID 5, velocity 0.9090725 -0.575345 0.6446415
623.0714, target_contact, target ID 6, grid ID 5, velocity 0.1834948 0.2851643 -0.4863661
623.0723, target_spawn, target ID 7, grid ID 7
623.4, target_hit, target ID 7, grid ID 7, velocity -0.1490142 -1.513817 -0.4335909
623.5735, target_spawn, target ID 8, grid ID 8
623.7, target_miss, target ID 6, grid ID 5
623.7265, target_spawn, target ID 9, grid ID 1
624.0191, target_spawn, target ID 10, grid ID 2
624.1143, target_hit, target ID 8, grid ID 8, velocity -0.8279011 -1.415173 0.05039068
624.4, target_hit, target ID 9, grid ID 1, velocity -0.2240773 -1.158662 1.453336
624.4783, target_spawn, target ID 11, grid ID 7
624.6286, target_contact, target ID 10, grid ID 2, velocity 0.3121177 -0.7364303 1.169365
624.6857, target_contact, target ID 10, grid ID 2, velocity 0.6724339 0.2384267 -0.5765278
624.7153, target_spawn, target ID 12, grid ID 0
624.9143, target_hit, target ID 11, grid ID 7, velocity -0.4531784 -2.162957 -0.1743284
625.1143, target_miss, target ID 10, grid ID 2
625.2305, target_spawn, target ID 13, grid ID 8
625.2429, target_hit, target ID 12, grid ID 0, velocity -0.2641104 -0.9647267 1.515795
625.4395, target_spawn, target ID 14, grid ID 6
625.5646, target_spawn, target ID 15, grid ID 5
625.8286, target_hit, target ID 13, grid ID 8, velocity -0.05754027 -1.785351 0.2705548
626.0714, target_hit, target ID 14, grid ID 6, velocity -0.5476907 -1.81329 0.4545369
626.1495, target_spawn, target ID 16, grid ID 4
626.3, target_hit, target ID 15, grid ID 5, velocity 0.4976568 -0.9004046 0.9463267
626.3862, target_spawn, target ID 17, grid ID 1
626.5143, target_contact, target ID 16, grid ID 4, velocity -0.2152916 -0.6806502 0.6137071
626.623, target_spawn, target ID 18, grid ID 5
626.8, target_contact, target ID 17, grid ID 1, velocity 0.06207442 -0.6858492 1.081837
626.8571, target_contact, target ID 17, grid ID 1, velocity 0.3764354 0.4865308 -0.3411523
627.0571, target_hit, target ID 16, grid ID 4, velocity -0.1382468 -0.9008352 0.3163482
627.3428, target_hit, target ID 18, grid ID 5, velocity 0.3909747 -1.121209 0.7685056
627.3749, target_spawn, target ID 19, grid ID 8
627.4857, target_miss, target ID 17, grid ID 1
627.6672, target_spawn, target ID 20, grid ID 2
627.8715, target_hit, target ID 19, grid ID 8, velocity 0.2773669 -2.131812 0.237314
627.9039, target_spawn, target ID 21, grid ID 1
628.1572, target_contact, target ID 20, grid ID 2, velocity 0.6908425 -0.3414742 1.248902
628.1963, target_spawn, target ID 22, grid ID 6
628.2143, target_contact, target ID 20, grid ID 2, velocity -0.3469783 0.1880814 -0.7439988
628.3857, target_contact, target ID 21, grid ID 1, velocity 0.1602713 -0.6760651 0.8436844
628.6714, target_hit, target ID 22, grid ID 6, velocity -0.5066762 -2.075119 0.2006506
628.7571, target_miss, target ID 20, grid ID 2
628.9857, target_hit, target ID 21, grid ID 1, velocity -0.04268194 -1.115678 1.364591
628.9899, target_spawn, target ID 23, grid ID 8
629.2545, target_spawn, target ID 24, grid ID 2
629.4216, target_spawn, target ID 25, grid ID 1
629.5143, target_hit, target ID 23, grid ID 8, velocity 0.3507805 -1.989807 0.4850316
629.8, target_hit, target ID 24, grid ID 2, velocity 0.3261182 -1.164923 1.451788
629.9089, target_spawn, target ID 26, grid ID 8
630.0286, target_hit, target ID 25, grid ID 1, velocity 0.09530832 -0.8334348 0.8008505
630.3571, target_hit, target ID 26, grid ID 8, velocity 0.4850352 -2.06844 0.3197708
630.3683, target_spawn, target ID 27, grid ID 6
630.6052, target_spawn, target ID 28, grid ID 3
630.7429, target_hit, target ID 27, grid ID 6, velocity -0.5127764 -2.200375 -0.3446683
631.0286, target_hit, target ID 28, grid ID 3, velocity -0.3830952 -1.610233 0.7068753
631.1066, target_spawn, target ID 29, grid ID 2
631.3015, target_spawn, target ID 30, grid ID 0
631.4572, target_hit, target ID 29, grid ID 2, velocity 0.4596954 -0.8066372 1.368738
631.7609, target_spawn, target ID 31, grid ID 1
631.7886, target_spawn, target ID 32, grid ID 8
631.8, target_hit, target ID 30, grid ID 0, velocity -0.5153067 -1.115942 1.00212
632.1227, target_spawn, target ID 33, grid ID 3
632.1572, target_hit, target ID 32, grid ID 8, velocity 0.6949418 -2.139498 0.3861048
632.4286, target_hit, target ID 31, grid ID 1, velocity 0.02913922 -0.8970881 1.30187
632.5126, target_spawn, target ID 34, grid ID 5
632.6429, target_hit, target ID 33, grid ID 3, velocity -0.2450473 -1.005864 0.4243865
632.8329, target_spawn, target ID 35, grid ID 0
632.9143, target_hit, target ID 34, grid ID 5, velocity 0.7518101 -1.264488 0.5762579
633.1114, target_spawn, target ID 36, grid ID 8
633.2286, target_contact, target ID 35, grid ID 0, velocity -0.5725424 -0.688961 1.011506
633.2366, target_spawn, target ID 37, grid ID 6
633.5571, target_hit, target ID 36, grid ID 8, velocity 0.5035831 -1.83404 0.06675211
633.8286, target_hit, target ID 37, grid ID 6, velocity -0.4542995 -1.537062 0.4455699
633.8772, target_spawn, target ID 38, grid ID 4
633.9286, target_miss, target ID 35, grid ID 0
634.3143, target_hit, target ID 38, grid ID 4, velocity 0.2328456 -1.256693 0.2683774
634.3646, target_spawn, target ID 39, grid ID 8
634.7126, target_spawn, target ID 40, grid ID 6
634.7571, target_hit, target ID 39, grid ID 8, velocity 0.06604668 -2.010359 0.2831801
635.0857, target_hit, target ID 40, grid ID 6, velocity -0.7742417 -1.767444 -0.1139377
635.1997, target_spawn, target ID 41, grid ID 2
635.5571, target_contact, target ID 41, grid ID 2, velocity 0.3764209 -0.771801 1.306738
635.6172, target_spawn, target ID 42, grid ID 7
636.0428, target_hit, target ID 42, grid ID 7, velocity -0.4950755 -2.320501 -0.1946837
636.0486, target_spawn, target ID 43, grid ID 6
636.2857, target_miss, target ID 41, grid ID 2
636.383, target_spawn, target ID 44, grid ID 5
636.4714, target_hit, target ID 43, grid ID 6, velocity -0.5189614 -1.907153 -0.4297435
636.8428, target_hit, target ID 44, grid ID 5, velocity 0.3296947 -2.117281 0.3773175
636.8705, target_spawn, target ID 45, grid ID 7
637.2324, target_spawn, target ID 46, grid ID 5
637.2429, target_hit, target ID 45, grid ID 7, velocity -0.3137216 -2.598317 -0.2102499
637.5945, target_spawn, target ID 47, grid ID 6
637.6, target_hit, target ID 46, grid ID 5, velocity 0.7293411 -1.318363 1.120035
637.6781, target_spawn, target ID 48, grid ID 0
637.9284, target_spawn, target ID 49, grid ID 3
637.9429, target_hit, target ID 47, grid ID 6, velocity -0.7785374 -2.114511 -0.2293521
638.0428, target_contact, target ID 49, grid ID 3, velocity -0.3056418 1.543604 0.4982547
638.2143, target_hit, target ID 48, grid ID 0, velocity -0.120512 -0.9341766 1.212481
638.3047, target_spawn, target ID 50, grid ID 6
638.4286, target_hit, target ID 49, grid ID 3, velocity 0.03873968 -1.066023 0.6676828
638.5416, target_spawn, target ID 51, grid ID 1
638.7571, target_hit, target ID 50, grid ID 6, velocity -0.08960162 -1.541121 0.3316379
638.9174, target_spawn, target ID 52, grid ID 2
639.0428, target_hit, target ID 51, grid ID 1, velocity -0.07704212 -1.119286 0.6619738
639.3351, target_spawn, target ID 53, grid ID 8
639.3629, target_spawn, target ID 54, grid ID 0
639.3857, target_contact, target ID 52, grid ID 2, velocity 0.08712462 -0.5646929 1.152691
639.7429, target_hit, target ID 53, grid ID 8, velocity 0.1036097 -2.118778 -0.1299404
640.0143, target_miss, target ID 52, grid ID 2
640.0286, target_hit, target ID 54, grid ID 0, velocity -0.6748472 -0.9177523 1.118354
640.059, target_spawn, target ID 55, grid ID 1
640.4352, target_spawn, target ID 56, grid ID 8
640.5143, target_contact, target ID 55, grid ID 1, velocity -0.2080965 -0.7806888 0.7293293
640.7834, target_spawn, target ID 57, grid ID 5
640.8428, target_hit, target ID 56, grid ID 8, velocity 0.09139851 -1.59529 -0.1881679
641.1572, target_miss, target ID 55, grid ID 1
641.1591, target_spawn, target ID 58, grid ID 4
641.2286, target_contact, target ID 57, grid ID 5, velocity -0.3975807 -0.3974618 -0.245409
641.4794, target_spawn, target ID 59, grid ID 1
641.6857, target_hit, target ID 58, grid ID 4, velocity -0.1383785 -1.222678 0.4235923
641.8715, target_miss, target ID 57, grid ID 5
642.0085, target_spawn, target ID 60, grid ID 4
642.2143, target_hit, target ID 59, grid ID 1, velocity -0.1525779 -0.9351364 0.9613185
642.4962, target_spawn, target ID 61, grid ID 0
642.5, target_hit, target ID 60, grid ID 4, velocity -0.2320222 -1.56096 0.3451489
642.7885, target_spawn, target ID 62, grid ID 8
642.9143, target_hit, target ID 61, grid ID 0, velocity -0.3044524 -0.8887647 0.8642514
643.0668, target_spawn, target ID 63, grid ID 3
643.2429, target_hit, target ID 62, grid ID 8, velocity 0.2649879 -1.690611 0.2434026
643.3173, target_spawn, target ID 64, grid ID 0
643.5428, target_hit, target ID 63, grid ID 3, velocity -0.3294373 -1.613658 0.8106307
643.5958, target_spawn, target ID 65, grid ID 5
643.8143, target_hit, target ID 64, grid ID 0, velocity -0.3703772 -0.9679924 1.000796
644.0554, target_spawn, target ID 66, grid ID 6
644.0857, target_hit, target ID 65, grid ID 5, velocity 0.1075564 -1.423214 0.6677053
644.2781, target_spawn, target ID 67, grid ID 2
644.4286, target_hit, target ID 66, grid ID 6, velocity -0.4943106 -2.217686 0.06827146
644.7571, target_hit, target ID 67, grid ID 2, velocity 0.4637429 -0.8396937 1.35195
644.7653, target_spawn, target ID 68, grid ID 0
645.1414, target_spawn, target ID 69, grid ID 5
645.1691, target_spawn, target ID 70, grid ID 6
645.2, target_contact, target ID 68, grid ID 0, velocity -0.5728833 -0.6465122 1.129137
645.2571, target_contact, target ID 68, grid ID 0, velocity 0.4988444 0.1534234 -0.05553625
645.5428, target_hit, target ID 69, grid ID 5, velocity 0.4738005 -1.571466 0.660131
645.8286, target_hit, target ID 70, grid ID 6, velocity -0.5710703 -1.641769 0.4222457
645.8571, target_miss, target ID 68, grid ID 0
645.8653, target_spawn, target ID 71, grid ID 5
646.1438, target_spawn, target ID 72, grid ID 8
646.4, target_hit, target ID 71, grid ID 5, velocity 0.1493801 -1.212519 0.6362252
646.5756, target_spawn, target ID 73, grid ID 6
646.6857, target_hit, target ID 72, grid ID 8, velocity 0.1475627 -1.531191 0.1569703
646.7147, target_spawn, target ID 74, grid ID 7
646.9714, target_hit, target ID 73, grid ID 6, velocity -0.6486858 -1.299556 0.2946431
647.063, target_spawn, target ID 75, grid ID 0
647.2429, target_hit, target ID 74, grid ID 7, velocity 0.1281 -1.077829 0.2827934
647.4109, target_spawn, target ID 76, grid ID 5
647.5714, target_hit, target ID 75, grid ID 0, velocity -0.2901354 -0.836508 1.004794
647.7591, target_spawn, target ID 77, grid ID 7
647.8428, target_hit, target ID 76, grid ID 5, velocity 0.1979501 -1.1305 0.4903827
648.1429, target_hit, target ID 77, grid ID 7, velocity -0.3290911 -2.096408 0.02596179
648.2604, target_spawn, target ID 78, grid ID 3
648.4831, target_spawn, target ID 79, grid ID 6
648.5428, target_hit, target ID 78, grid ID 3, velocity -0.6071733 -1.156615 0.1217201
648.8172, target_spawn, target ID 80, grid ID 7
648.9, target_hit, target ID 79, grid ID 6, velocity -0.2410194 -2.205411 0.2702065
648.9427, target_spawn, target ID 81, grid ID 2
649.2, target_hit, target ID 80, grid ID 7, velocity 0.1063697 -1.991489 0.4407449
649.3047, target_spawn, target ID 82, grid ID 1
649.4857, target_hit, target ID 81, grid ID 2, velocity 0.07472657 -1.208344 0.8489929
649.5272, target_spawn, target ID 83, grid ID 5
649.7429, target_hit, target ID 82, grid ID 1, velocity -0.05233199 -0.8479395 1.004142
649.9591, target_spawn, target ID 84, grid ID 4
650.0286, target_hit, target ID 83, grid ID 5, velocity 0.5153754 -1.681346 0.701979
650.3, target_hit, target ID 84, grid ID 4, velocity -0.3165015 -1.421597 0.5662829
650.4186, target_spawn, target ID 85, grid ID 0
650.6135, target_spawn, target ID 86, grid ID 5
650.8715, target_hit, target ID 85, grid ID 0, velocity -0.4947136 -1.209212 1.047104
650.9198, target_spawn, target ID 87, grid ID 3
651.1714, target_hit, target ID 86, grid ID 5, velocity 0.3619161 -1.315575 0.6454849
651.1982, target_spawn, target ID 88, grid ID 7
651.4286, target_hit, target ID 87, grid ID 3, velocity -0.3569632 -1.046788 0.6702125
651.6717, target_spawn, target ID 89, grid ID 8
651.6857, target_hit, target ID 88, grid ID 7, velocity 0.06417079 -1.548657 0.04910493
651.978, target_spawn, target ID 90, grid ID 3
652.0197, target_spawn, target ID 91, grid ID 4
652.0286, target_hit, target ID 89, grid ID 8, velocity -0.05114722 -1.463333 -0.1098251
652.3534, target_spawn, target ID 92, grid ID 1
652.3715, target_hit, target ID 91, grid ID 4, velocity 0.2569904 -1.268483 0.9643084
652.6429, target_hit, target ID 90, grid ID 3, velocity -0.3410415 -1.097607 0.9199191
652.6877, target_spawn, target ID 93, grid ID 8
652.8428, target_contact, target ID 92, grid ID 1, velocity 0.2969905 -0.1848468 0.9629318
653.1614, target_spawn, target ID 94, grid ID 5
653.1857, target_hit, target ID 93, grid ID 8, velocity -0.05742228 -1.737049 -0.3414042
653.4429, target_miss, target ID 92, grid ID 1
653.5093, target_spawn, target ID 95, grid ID 7
653.7601, target_spawn, target ID 96, grid ID 4
653.7714, target_hit, target ID 94, grid ID 5, velocity 0.1482337 -1.350044 0.6264589
653.9857, target_hit, target ID 95, grid ID 7, velocity -0.2791827 -1.482617 -0.114566
654.2286, target_hit, target ID 96, grid ID 4, velocity -0.04159395 -0.8526169 0.9166881
654.2336, target_spawn, target ID 97, grid ID 8
654.5398, target_spawn, target ID 98, grid ID 3
654.6572, target_hit, target ID 97, grid ID 8, velocity -0.1463669 -1.623128 0.1600746
654.9714, target_hit, target ID 98, grid ID 3, velocity -0.2951126 -1.452388 0.764963
654.9855, target_spawn, target ID 99, grid ID 2
655.0831, target_spawn, target ID 100, grid ID 6
655.3056, target_spawn, target ID 101, grid ID 0
655.3571, target_contact, target ID 99, grid ID 2, velocity 0.3247877 -0.7301432 1.254517
655.4143, target_contact, target ID 99, grid ID 2, velocity 0.4919681 0.736558 -0.6444182
655.6143, target_hit, target ID 100, grid ID 6, velocity -0.3780203 -1.3223 0.1685806
655.8857, target_contact, target ID 101, grid ID 0, velocity -0.1867396 -0.6545875 1.112196
655.9322, target_spawn, target ID 102, grid ID 4
655.9572, target_contact, target ID 101, grid ID 0, velocity 1.132389 0.4826704 -0.2963297
656.0714, target_miss, target ID 99, grid ID 2
656.3918, target_spawn, target ID 103, grid ID 6
656.4, target_miss, target ID 101, grid ID 0
656.4143, target_hit, target ID 102, grid ID 4, velocity -0.2157013 -1.248377 0.3651783
656.8235, target_spawn, target ID 104, grid ID 4
656.9714, target_hit, target ID 103, grid ID 6, velocity -0.2427265 -1.571596 0.1342068
657.1995, target_spawn, target ID 105, grid ID 8
657.2571, target_hit, target ID 104, grid ID 4, velocity 0.2853646 -1.09798 1.04183
657.3386, target_spawn, target ID 106, grid ID 3
657.5714, target_hit, target ID 105, grid ID 8, velocity 0.1648408 -1.900311 0.1424195
657.5892, target_spawn, target ID 107, grid ID 2
657.8286, target_hit, target ID 106, grid ID 3, velocity -0.3158497 -1.258043 0.8615619
657.8956, target_spawn, target ID 108, grid ID 4
658.0714, target_contact, target ID 107, grid ID 2, velocity 0.4145883 -0.3548766 0.8529489
658.1429, target_contact, target ID 107, grid ID 2, velocity 0.3257952 0.3862446 -0.3983929
658.1464, target_spawn, target ID 109, grid ID 5
658.3428, target_hit, target ID 108, grid ID 4, velocity -0.3328984 -1.489143 0.3896695
658.4143, target_contact, target ID 109, grid ID 5, velocity -0.08911161 0.3625289 -0.3845217
658.6143, target_hit, target ID 109, grid ID 5, velocity 0.4448338 -1.123709 0.8232762
658.6615, target_spawn, target ID 110, grid ID 0
658.6857, target_miss, target ID 107, grid ID 2
658.9398, target_spawn, target ID 111, grid ID 4
659.1, target_hit, target ID 110, grid ID 0, velocity -0.6694993 -0.8653569 0.7483418
659.3299, target_spawn, target ID 112, grid ID 1
659.3715, target_hit, target ID 111, grid ID 4, velocity 0.02413476 -1.595391 0.549738
659.6714, target_contact, target ID 112, grid ID 1, velocity -0.1270766 -0.7778935 1.284328
659.7286, target_contact, target ID 112, grid ID 1, velocity 0.6451252 0.2690425 -0.3449388
659.7892, target_spawn, target ID 113, grid ID 6
660.1286, target_hit, target ID 113, grid ID 6, velocity -0.4906198 -1.780594 -0.5028582
660.1929, target_spawn, target ID 114, grid ID 4
660.4286, target_miss, target ID 112, grid ID 1
660.6104, target_spawn, target ID 115, grid ID 7
660.7, target_hit, target ID 114, grid ID 4, velocity -0.01571714 -1.014262 0.2544353
660.8752, target_spawn, target ID 116, grid ID 5
661, target_hit, target ID 115, grid ID 7, velocity -0.1742926 -1.585335 -0.4000515
661.0142, target_spawn, target ID 117, grid ID 4
661.3206, target_spawn, target ID 118, grid ID 1
661.3286, target_hit, target ID 116, grid ID 5, velocity 0.9535363 -0.8324965 1.00371
661.5857, target_hit, target ID 117, grid ID 4, velocity 0.006291524 -1.13893 0.752134
661.6547, target_spawn, target ID 119, grid ID 0
661.8428, target_hit, target ID 118, grid ID 1, velocity -0.188913 -0.9241301 0.9006635
662.0865, target_spawn, target ID 120, grid ID 6
662.1, target_contact, target ID 119, grid ID 0, velocity -0.3390466 -0.7760335 0.7532448
662.1978, target_spawn, target ID 121, grid ID 3
662.4429, target_hit, target ID 120, grid ID 6, velocity -0.1140849 -1.973977 -0.3431922
662.7, target_hit, target ID 121, grid ID 3, velocity -0.2095641 -1.31324 0.709783
662.7429, target_miss, target ID 119, grid ID 0
662.7687, target_spawn, target ID 122, grid ID 7
663.2142, target_spawn, target ID 123, grid ID 8
663.27, target_spawn, target ID 124, grid ID 2
663.2857, target_hit, target ID 122, grid ID 7, velocity 0.205466 -1.710904 0.06102176
663.604, target_spawn, target ID 125, grid ID 5
663.8428, target_contact, target ID 124, grid ID 2, velocity 0.1700493 -0.5387793 0.8310272
664.0571, target_hit, target ID 125, grid ID 5, velocity 0.2308959 -0.8724225 0.006426825
664.3, target_miss, target ID 123, grid ID 8
664.3571, target_miss, target ID 124, grid ID 2
664.3839, target_spawn, target ID 126, grid ID 3
664.8018, target_spawn, target ID 127, grid ID 6
664.8853, target_spawn, target ID 128, grid ID 2
664.9286, target_hit, target ID 126, grid ID 3, velocity -0.185103 -0.9357514 0.4690375
665.2, target_hit, target ID 127, grid ID 6, velocity -0.2688379 -1.766261 0.02079005
665.247, target_spawn, target ID 129, grid ID 7
665.4857, target_contact, target ID 128, grid ID 2, velocity 0.3949007 -0.779197 1.214237
665.5428, target_contact, target ID 128, grid ID 2, velocity 0.3833089 0.1473237 -0.5768082
665.6509, target_spawn, target ID 130, grid ID 1
665.7857, target_hit, target ID 129, grid ID 7, velocity -0.1463153 -1.50663 -0.2266004
665.9714, target_miss, target ID 128, grid ID 2
666.1103, target_spawn, target ID 131, grid ID 5
666.1143, target_contact, target ID 130, grid ID 1, velocity 0.2493116 -0.4465664 0.8074051
666.2913, target_spawn, target ID 132, grid ID 4
666.4286, target_contact, target ID 131, grid ID 5, velocity -0.1617765 -0.4458165 -0.8319728
666.5428, target_hit, target ID 131, grid ID 5, velocity 0.2963144 -0.9857498 0.2445997
666.7429, target_miss, target ID 130, grid ID 1
666.8, target_hit, target ID 132, grid ID 4, velocity -0.08781134 -1.105735 0.6388066
666.8624, target_spawn, target ID 133, grid ID 5
667.1826, target_spawn, target ID 134, grid ID 0
667.3497, target_spawn, target ID 135, grid ID 8
667.3571, target_hit, target ID 133, grid ID 5, velocity -0.02594848 -1.320377 0.4567391
667.6714, target_hit, target ID 134, grid ID 0, velocity -0.4124572 -1.238344 0.7439076
667.6975, target_spawn, target ID 136, grid ID 5
667.9286, target_hit, target ID 135, grid ID 8, velocity 0.2593079 -1.490884 0.1190492
668.0317, target_spawn, target ID 137, grid ID 4
668.1714, target_hit, target ID 136, grid ID 5, velocity 0.2833732 -1.175524 0.8210846
668.2546, target_spawn, target ID 138, grid ID 1
668.4286, target_hit, target ID 137, grid ID 4, velocity -0.3531268 -1.145115 0.553819
668.4912, target_spawn, target ID 139, grid ID 5
668.7, target_contact, target ID 138, grid ID 1, velocity -0.04398534 -0.7630882 1.075297
668.7429, target_contact, target ID 138, grid ID 1, velocity 0.3555881 0.362017 -0.4120073
668.7559, target_spawn, target ID 140, grid ID 8
668.9429, target_hit, target ID 139, grid ID 5, velocity 0.3007625 -1.276814 0.608392
669.2, target_hit, target ID 140, grid ID 8, velocity 0.1382149 -1.528194 0.01710288
669.2571, target_spawn, target ID 141, grid ID 7
669.3428, target_miss, target ID 138, grid ID 1
669.5634, target_spawn, target ID 142, grid ID 6
669.8, target_hit, target ID 141, grid ID 7, velocity -0.0005305335 -1.584176 -0.02134357
669.8698, target_spawn, target ID 143, grid ID 2
670.0143, target_hit, target ID 142, grid ID 6, velocity -0.2784192 -1.098239 0.3895969
670.1622, target_spawn, target ID 144, grid ID 3
670.3286, target_contact, target ID 143, grid ID 2, velocity 0.3846371 -0.5564877 1.183389
670.3715, target_contact, target ID 143, grid ID 2, velocity 0.3004043 0.3320737 -0.6181098
670.4683, target_spawn, target ID 145, grid ID 8
670.6, target_hit, target ID 144, grid ID 3, velocity -0.4992924 -1.074279 0.4506831
670.9, target_hit, target ID 145, grid ID 8, velocity 0.626999 -1.379301 0.1618591
670.9279, target_spawn, target ID 146, grid ID 1
670.9572, target_miss, target ID 143, grid ID 2
671.2202, target_spawn, target ID 147, grid ID 6
671.2571, target_contact, target ID 146, grid ID 1, velocity 0.2177857 0.7657692 -0.3045492
671.2898, target_spawn, target ID 148, grid ID 8
671.4429, target_hit, target ID 146, grid ID 1, velocity -0.003468432 -0.8625203 0.7910479
671.6714, target_hit, target ID 147, grid ID 6, velocity -0.17398 -1.696864 -0.1243476
671.7633, target_spawn, target ID 149, grid ID 1
671.9286, target_hit, target ID 148, grid ID 8, velocity 0.4177415 -0.9129058 0.6195552
671.986, target_spawn, target ID 150, grid ID 4
672.2143, target_contact, target ID 149, grid ID 1, velocity 0.02009754 -0.5268513 1.123468
672.3898, target_spawn, target ID 151, grid ID 5
672.4429, target_hit, target ID 150, grid ID 4, velocity -0.1469691 -1.377662 0.1125078
672.7571, target_hit, target ID 151, grid ID 5, velocity 0.865185 -0.8390657 0.7029805
672.7656, target_spawn, target ID 152, grid ID 8
672.8571, target_miss, target ID 149, grid ID 1
673.2112, target_spawn, target ID 153, grid ID 7
673.2253, target_spawn, target ID 154, grid ID 5
673.3857, target_hit, target ID 152, grid ID 8, velocity -0.04142661 -1.90624 -0.07673739
673.6572, target_hit, target ID 153, grid ID 7, velocity -0.8338541 -1.654891 -0.1201564
673.7122, target_spawn, target ID 155, grid ID 4
673.9286, target_contact, target ID 154, grid ID 5, velocity 0.3636546 -0.7026983 0.9804568
673.977, target_spawn, target ID 156, grid ID 6
674, target_contact, target ID 154, grid ID 5, velocity 0.1764099 0.8243163 -0.1300384
674.1572, target_contact, target ID 155, grid ID 4, velocity 0.1025875 -0.6491233 0.5034096
674.3143, target_miss, target ID 154, grid ID 5
674.4572, target_hit, target ID 156, grid ID 6, velocity -0.304754 -1.694333 -0.03892979
674.6315, target_spawn, target ID 157, grid ID 8
674.7571, target_contact, target ID 155, grid ID 4, velocity 0.2932202 -0.7240319 0.8258268
674.7847, target_spawn, target ID 158, grid ID 3
674.8, target_miss, target ID 155, grid ID 4
675.0714, target_hit, target ID 157, grid ID 8, velocity 0.04499391 -1.637149 0.1172169
675.119, target_spawn, target ID 159, grid ID 1
675.3571, target_hit, target ID 158, grid ID 3, velocity -0.4235604 -1.297365 0.8125283
675.3973, target_spawn, target ID 160, grid ID 4
675.5857, target_contact, target ID 159, grid ID 1, velocity 0.1419453 -0.232717 0.8458439
675.7454, target_spawn, target ID 161, grid ID 5
675.8571, target_hit, target ID 160, grid ID 4, velocity -0.09572373 -1.679928 0.4190331
675.9143, target_contact, target ID 161, grid ID 5, velocity 0.4059973 0.5271291 -0.5852702
676.1572, target_hit, target ID 161, grid ID 5, velocity 0.3147832 -1.209059 0.8466576
676.1771, target_spawn, target ID 162, grid ID 4
676.2143, target_miss, target ID 159, grid ID 1
676.6286, target_hit, target ID 162, grid ID 4, velocity -0.06303902 -1.226565 0.2039826
676.6647, target_spawn, target ID 163, grid ID 5
676.9572, target_hit, target ID 163, grid ID 5, velocity 0.4921142 -1.086482 0.4966735
676.9705, target_spawn, target ID 164, grid ID 6
677.2493, target_spawn, target ID 165, grid ID 1
677.3, target_hit, target ID 164, grid ID 6, velocity -0.747636 -1.847153 -0.6506661
677.3607, target_spawn, target ID 166, grid ID 4
677.6251, target_spawn, target ID 167, grid ID 8
677.6429, target_hit, target ID 165, grid ID 1, velocity 0.08668189 -1.032095 1.440215
677.8715, target_hit, target ID 166, grid ID 4, velocity 0.06799924 -1.505946 0.5143684
677.9595, target_spawn, target ID 168, grid ID 5
678.1286, target_hit, target ID 167, grid ID 8, velocity 0.1123259 -1.463714 0.3657317
678.2375, target_spawn, target ID 169, grid ID 6
678.4143, target_hit, target ID 168, grid ID 5, velocity 0.6630892 -1.323484 0.8471838
678.4463, target_spawn, target ID 170, grid ID 1
678.6857, target_hit, target ID 169, grid ID 6, velocity -0.2301056 -1.642299 0.2465692
678.7388, target_spawn, target ID 171, grid ID 0
678.9714, target_contact, target ID 170, grid ID 1, velocity -0.1034213 -0.6372195 1.297208
679.0032, target_spawn, target ID 172, grid ID 4
679.2143, target_hit, target ID 171, grid ID 0, velocity -0.5425428 -0.9916957 0.9065485
679.5, target_hit, target ID 172, grid ID 4, velocity 0.09669983 -1.301468 0.5326893
679.5325, target_spawn, target ID 173, grid ID 6
679.5428, target_miss, target ID 170, grid ID 1
679.8248, target_spawn, target ID 174, grid ID 4
680.0286, target_hit, target ID 173, grid ID 6, velocity -0.2425351 -1.982476 -0.03239489
680.2149, target_spawn, target ID 175, grid ID 8
680.2857, target_hit, target ID 174, grid ID 4, velocity 0.2993877 -1.234589 0.9546753
680.4796, episode statistics, contacts 50, hits 146, misses 29, hit rate 0.8342857
